<?xml version="1.0" encoding="utf-8"?>
<extension version="3.4" type="plugin" group="system" method="upgrade">
    <name>jd_boston</name>
    <description>JD Boston - Free Business Joomla 3.8.5 Template</description>
    <scriptfile>installer.script.php</scriptfile>
    <files>
		    <filename plugin="tmp_helix3">installer.script.php</filename>
    </files>
    <plugins>
        <plugin plugin="helix3" group="ajax" />
        <plugin plugin="helix3" group="system" />
    </plugins>
</extension>
